email,subject,message
anjalizille@gmail.com,first,xvbnxvnbvnbc


 A@d.gmil.com ,secondmnvmnm,xvbnxvnbvnbc
 A@d.gmil.com ,secondmnvmnm,xvbnxvnbvnbc
 A@d.gmil.com ,secondmnvmnm,xvbnxvnbvnbc
 bcn@f.com ,vncvm,vmnxbcmvnbcx
 bcn@f.com ,vncvm,vmnxbcmvnbcx
 bcn@f.com ,vncvm,vmnxbcmvnbcxbcn@f.com,vncvm,vmnxbcmvnbcx


 bcn@f.com ,vncvm,vmnxbcmvnbcx
 bcn@f.com ,vncvm,vmnxbcmvnbcx
 bcn@f.com ,vncvm,vmnxbcmvnbcx
 bcn@f.com ,vncvm,vmnxbcmvnbcx
 bcn@f.com ,vncvm,vmnxbcmvnbcxbcn@f.com,vncvm,vmnxbcmvnbcx

 bcn@f.com ,vncvm,vmnxbcmvnbcxbcn@f.com,vncvm,vmnxbcmvnbcx

 bcn@f.com ,vncvm,vmnxbcmvnbcxbcn@f.com,vncvm,vmnxbcmvnbcx

 bcn@f.com ,vncvm,vmnxbcmvnbcxbcn@f.com,vncvm,vmnxbcmvnbcx

 bcn@f.com ,vncvm,vmnxbcmvnbcxbcn@f.com,vncvm,vmnxbcmvnbcx

 xcn@f.com ,vncvm,vmnxbcmvnbcxxcn@f.com,vncvm,vmnxbcmvnbcx

 xcn@f.com ,vncvm,vmnxbcmvnbcxxcn@f.com,vncvm,vmnxbcmvnbcx

 xcn@f.com ,vncvm,vmnxbcmvnbcxxcn@f.com,vncvm,vmnxbcmvnbcx
